Attraction Name,Historical Background,Cultural Significance,Historical Stories,Main Attractions,Geographical Location
Charles Bridge,"Charles Bridge, or Karl暖v most, is a historic stone arch bridge spanning the Vltava River in Prague, Czech Republic. Commissioned by Emperor Charles IV, its construction began in 1357 and concluded in 1402, replacing the earlier Judith Bridge that had been damaged by floods. The bridge was designed by architect Peter Parler, who also contributed to the design of St. Vitus Cathedral.","As the sole river crossing in Prague until 1841, Charles Bridge was a vital connection between Prague Castle and the city's Old Town, facilitating trade and cultural exchange between Eastern and Western Europe. The bridge is adorned with 30 statues and statuaries, predominantly in the Baroque style, depicting various saints and patron saints. These sculptures, originally erected between 1683 and 1714, have been replaced by replicas to preserve the originals, which are now housed in the Lapidarium of the National Museum.","Throughout its history, Charles Bridge has endured several floods and witnessed numerous significant events. In 1432, a flood damaged three of its pillars. During the Thirty Years' War in 1648, the bridge was the site of heavy fighting when Swedish forces occupied the west bank of the Vltava and attempted to advance into the Old Town. In 1890, a catastrophic flood caused severe damage, leading to the collapse of three arches and two pillars. The bridge has also been a backdrop for various cultural and historical events, reflecting its enduring importance in Prague's history.","Bridge Towers: The bridge is protected by three towers: two on the Lesser Quarter side (including the Malá Strana Bridge Tower) and one on the Old Town side, the Old Town Bridge Tower. These towers offer panoramic views of Prague and the Vltava River.
Statues and Statuaries: The bridge is adorned with 30 statues and statuaries, predominantly in the Baroque style, depicting various saints and patron saints. These sculptures, originally erected between 1683 and 1714, have been replaced by replicas to preserve the originals, which are now housed in the Lapidarium of the National Museum.","Charles Bridge is situated in Prague, connecting the Old Town (Staré Město) with the Lesser Quarter (Malá Strana). It spans the Vltava River, linking the Prague Castle area with the city's historic center. The bridge is a central landmark in Prague, attracting both locals and tourists alike."
Prague Castle,"Founded around 880 AD by Prince Bo?ivoj of the P?emyslid dynasty, Prague Castle has served as the seat of Bohemian kings, Holy Roman emperors, and Czech presidents. The complex has undergone numerous expansions and reconstructions, reflecting various architectural styles over the centuries.","Prague Castle stands as a symbol of the Czech state, embodying its political and cultural heritage. It houses the Bohemian Crown Jewels and has been the backdrop for significant historical events, including the coronation of Czech kings and the signing of important treaties.","Throughout its history, Prague Castle has witnessed numerous significant events. Notably, during the Hussite Wars, the castle endured sieges and periods of neglect. In the 20th century, it became the official residence of the president of the newly established Czechoslovak Republic in 1918.","St. Vitus Cathedral: A Gothic masterpiece and the largest and most important church in the country.Old Royal Palace: The former residence of Bohemian kings, featuring the impressive Vladislav Hall.Golden Lane: A picturesque street lined with small houses, once home to castle guards and goldsmiths.Royal Garden: A beautifully landscaped area with Renaissance and Baroque elements.","Prague Castle is located in the Hrad?any district of Prague, overlooking the Vltava River. It is situated on a hill, offering panoramic views of the city and its surroundings."
Old Town Square,"In the 10th century, Old Town Square served as a marketplace at the crossroads of European trade routes. Over the centuries, it has been the site of numerous significant events, including public executions and political gatherings.","The square is surrounded by architectural masterpieces from various periods, including Gothic, Baroque, and Rococo styles. It has been a central point for cultural events, markets, and public gatherings throughout Prague's history.","Old Town Square has witnessed many pivotal moments in Czech history, such as the execution of 27 Czech nobles in 1621 following the Battle of White Mountain. This event is commemorated by 27 crosses embedded in the square's pavement.","Old Town Hall: Home to the Prague Astronomical Clock, the third-oldest astronomical clock in the world and the oldest one still in operation. Church of Our Lady before Tyn: A Gothic masterpiece with twin spires that dominate the square's skyline. St. Nicholas Church: A Baroque church known for its impressive architecture and historical significance. Jan Hus Memorial: A monument dedicated to the religious reformer Jan Hus, marking the 500th anniversary of his death. Marian Column: Originally erected in 1650 and reconstructed in 2020, this column features a statue of the Virgin Mary and commemorates the city's role in the Battle of Prague.","Old Town Square is situated in the Old Town (Staré Město) district of Prague, bordered by Wenceslas Square to the southeast and Charles Bridge to the west."
St. Vitus Cathedral,"The cathedral's construction commenced in 1344 under the patronage of King Charles IV, who envisioned it as a coronation church, a family crypt, and a repository for the kingdom's most precious relics. The initial design was crafted by Matthias of Arras, succeeded by Peter Parler, who introduced innovative Gothic elements, including the distinctive net-vaulted ceilings. Despite interruptions due to wars and financial constraints, the cathedral was completed in 1929, nearly 600 years after its inception. ","St. Vitus Cathedral holds profound cultural importance as the spiritual symbol of the Czech state. It has been the site of numerous royal coronations and is the final resting place of several patron saints, sovereigns, noblemen, and archbishops. The cathedral's architectural grandeur and historical role underscore its central position in Czech national identity.","Throughout its history, the cathedral has endured significant events, including the Hussite Wars in the 15th century, which led to the destruction of many of its furnishings. A devastating fire in 1541 caused extensive damage, further delaying its completion. Despite these challenges, the cathedral has remained a steadfast symbol of resilience and continuity in Czech history.","St. Wenceslas Chapel: Located in the cathedral's lower level, this chapel houses the tomb of St. Wenceslas, the patron saint of the Czech Republic. Its walls are adorned with semi-precious stones and paintings depicting the Passion of Christ. Golden Portal: This ornate entrance, adorned with a golden mosaic depicting the Last Judgment, served as the ceremonial entry for kings during coronation ceremonies. Stained Glass Windows: The cathedral features stunning stained glass windows, including those designed by the renowned Czech Art Nouveau artist Alfons Mucha, adding vibrant color and artistic depth to the interior.","St. Vitus Cathedral is situated within the Prague Castle complex, overlooking the Vltava River in Prague. Its central location within the castle offers panoramic views of the city and serves as a focal point for visitors exploring the historic district."
Prague Astronomical Clock,"The Orloj was installed on the Old Town Hall tower in 1410, making it the third-oldest astronomical clock in the world and the oldest one still in operation.","The Prague Astronomical Clock is a significant cultural landmark, attracting numerous visitors annually. It is renowned for its intricate design and the hourly display of moving Apostle figures and other sculptures, notably a figure of a skeleton that represents Death, striking the time.","A local legend suggests that the city will suffer if the clock is neglected and its good operation is placed in jeopardy; a ghost, mounted on the clock, was supposed to nod its head in confirmation. According to the legend, the only hope was represented by a boy born on New Year's night.","Astronomical Dial: Represents the position of the Sun and Moon in the sky and displays various astronomical details.""The Walk of the Apostles"": An hourly show of moving Apostle figures and other sculptures, notably a figure of a skeleton that represents Death, striking the time. Calendar Dial: A calendar dial with medallions representing the months.","The Prague Astronomical Clock is located on the southern wall of the Old Town Hall in Old Town Square, Prague, Czech Republic."
Reichstag Building,"Designed by architect Paul Wallot, the Reichstag was constructed between 1884 and 1894 to house the Imperial Diet of the German Empire. The building has undergone significant transformations, including severe damage during the Reichstag fire in 1933 and extensive destruction during World War II. After German reunification, it was restored and modernized to serve as the seat of the German Bundestag.","The Reichstag is a central symbol of German democracy and political history. Its glass dome, designed by architect Norman Foster, represents transparency and the reunification of Germany. The building's history reflects the nation's journey through empire, dictatorship, division, and reunification.","The Reichstag has been the site of pivotal events, notably the Reichstag fire in 1933, which led to the suspension of civil liberties and the consolidation of Nazi power. During World War II, the building suffered extensive damage, symbolizing the devastation of the era. Its restoration and adaptation in the late 20th century marked a new chapter in Germany's democratic development.","Glass Dome: Offers panoramic views of Berlin and symbolizes transparency in government.Plenary Chamber: The heart of the Bundestag, where legislative sessions are held.Reichstag Terrace: Provides a unique vantage point of the city and the Brandenburg Gate.","Situated at Platz der Republik 1, 11011 Berlin, the Reichstag is located near the Brandenburg Gate and the Spree River, in the heart of Berlin's government district."
Berlin Cathedral,"The origins of the Berlin Cathedral trace back to 1451 when it began as a Catholic chapel within the Berlin Palace. Over the centuries, it underwent several transformations:In 1536, it was converted into a Lutheran collegiate church.A Baroque structure was constructed between 1747 and 1750.Karl Friedrich Schinkel remodeled the church in the Neoclassical style between 1817 and 1822.The current building, designed by Julius Carl Raschdorff, was constructed from 1894 to 1905 in the Neo-Renaissance style.","The Berlin Cathedral holds profound cultural importance as a symbol of Berlin's religious and political history. It has been the site of numerous state ceremonies, including royal weddings and funerals, and continues to serve as a center for Protestant worship and cultural events.","Throughout its history, the Berlin Cathedral has witnessed significant events:During World War II, the cathedral suffered extensive damage from Allied bombing raids, leading to the collapse of its dome.In the post-war period, the cathedral was located in East Berlin, and restoration efforts were initiated in 1975.The full restoration was completed in 1993, four years after the fall of the Berlin Wall.","Dome: The cathedral's dome, rising 115 meters above ground, offers panoramic views of Berlin from its walkway.Hohenzollern Crypt: This crypt serves as the final resting place for nearly 100 members of the Hohenzollern dynasty, making it one of the most important dynastic burial sites in Germany. Imperial Staircase: A richly decorated staircase that was intended for the use of the German Emperor, providing access to the upper galleries.Baptismal and Matrimonial Chapel: Known for its monumental painting of the Descent of the Holy Spirit by Carl Begas, this chapel is a significant site for baptisms and weddings.","The Berlin Cathedral is situated on Museum Island in the Mitte district of Berlin, Germany. It is located near the Lustgarten park and is adjacent to other notable landmarks, including the Humboldt Forum and the Berlin City Palace."
Golden Lane,"Constructed in the late 16th century, the Golden Lane was initially built as housing for castle guards and goldsmiths. Emperor Rudolf II, who reigned from 1576 to 1612, is often associated with the lane due to his interest in alchemy and the presence of alchemists in the area. Over time, the lane became home to various artisans and workers associated with the castle.","The Golden Lane holds cultural importance as a representation of Prague's medieval urban life. Its preservation offers insight into the living conditions and craftsmanship of the era. Today, it stands as a popular tourist attraction, reflecting the city's rich history and architectural heritage.","One notable historical figure associated with the Golden Lane is Franz Kafka, the renowned writer. In 1916, Kafka lived in one of the houses on the lane, which is now a museum dedicated to his life and work. This connection adds a literary dimension to the lane's history.","Colorful Houses: The lane features small, brightly colored houses, each with unique architectural details.Kafka Museum: Dedicated to Franz Kafka, this museum provides insights into his life and the time he spent in the Golden Lane.Historical Exhibits: Some houses are furnished to reflect the living conditions of past inhabitants, offering a glimpse into historical lifestyles.","The Golden Lane is situated within Prague Castle, located in the Hrad?any district of Prague, Czech Republic. It runs along the northern wall of the castle complex, connecting the Daliborka Tower to the Powder Tower."
Museum Island,"Museum Island (Museumsinsel) is located in the heart of Berlin, Germany, on the Spree River. It has a long history dating back to the 19th century when it was developed into a cultural hub. The island initially housed the royal palace of the Brandenburgers, but over time, it evolved into a center for the arts and culture, with the construction of several important museums. The oldest of these, the Altes Museum, was completed in 1830, and the complex expanded through the 19th and early 20th centuries, with notable additions such as the Pergamon Museum and the Bode Museum.The island became part of East Berlin after World War II, and although the buildings suffered damage during the war, extensive restoration work began after the fall of the Berlin Wall, restoring Museum Island as a world-class cultural landmark.","Museum Island is a UNESCO World Heritage Site and represents a unique ensemble of museums and historical buildings that showcase European art, archaeology, and cultural heritage. It is considered one of the most important museum complexes in the world. The island’s architecture and collections reflect Berlin's evolution as a center of cultural and intellectual life in Europe. Museum Island draws millions of visitors each year and plays a key role in Berlin's status as a global city of culture and learning.","Museum Island is not just a place of art, but also of historical transformation. The Prussian kings and emperors, particularly Frederick the Great, played a critical role in the creation of this cultural center. The story of the Museum Island also involves the complex division of Berlin during the Cold War—when East and West Berlin had different access to the island, symbolizing the broader geopolitical divide. After reunification, significant efforts were made to restore the damaged structures and reunite the collections that had been split. The dramatic story of its restoration and continued cultural importance after the fall of the Berlin Wall is a testament to Berlin’s resilience.","Altes Museum (Old Museum): This neoclassical building is home to the Antikensammlung (Collection of Classical Antiquities), featuring Ancient Greek, Roman, and Egyptian artifacts.Pergamon Museum: One of the most famous museums in the world, it holds monumental archaeological exhibits such as the Pergamon Altar, the Ishtar Gate of Babylon, and the Market Gate of Miletus.Bode Museum: This museum contains a vast collection of Byzantine art, sculptures, and coins, and is known for its magnificent dome.Alte Nationalgalerie (Old National Gallery): Focuses on 19th-century art, with works by artists such as Caspar David Friedrich and édouard Manet.Neues Museum (New Museum): Renowned for its Egyptian collection, including the famous bust of Nefertiti, and its prehistoric and early history collections.","Museum Island is situated in the central district of Berlin, on the Spree River. It is connected to the rest of the city by several bridges and is within walking distance from Berlin's Brandenburg Gate and Unter den Linden, a major thoroughfare. The island is accessible by public transportation and is one of the city’s most visited landmarks."
Brandenburg Gate,"The Brandenburg Gate (Berliner Tor) is an iconic neoclassical monument located in the heart of Berlin, Germany. It was commissioned by King Frederick William II of Prussia in 1788 and designed by architect Carl Gotthard Langhans. The gate was completed in 1791 and served as a symbol of peace and the entry point into the city's royal quarter. It was originally built as part of the city’s fortifications, but over time, it became a symbol of Berlin and Germany as a whole.The gate features a design based on the Acropolis of Athens and is crowned by a quadriga, a chariot drawn by four horses, representing the goddess of victory. Over the years, the gate has witnessed pivotal moments in German history, including its occupation by Napoleonic troops and its role in the Cold War as part of the Berlin Wall division.","The Brandenburg Gate is one of Berlin's most recognized symbols and holds immense cultural and historical significance for Germany. It stands as a symbol of unity, triumph, and reconciliation. The gate has come to represent the end of the division between East and West Germany after the fall of the Berlin Wall in 1989, marking the reunification of the country. It is also a symbol of the enduring strength of the German people and their resilience through periods of war, division, and conflict.The gate's neoclassical design and historical importance have made it an enduring symbol of European culture and history, drawing millions of visitors every year.","Napoleon’s Occupation (1806): In 1806, after his victory over Prussia, Napoleon marched through the Brandenburg Gate and even took the quadriga to Paris as a symbol of his conquest. The quadriga was returned to Berlin after Napoleon’s defeat in 1814.Prussian Victory and Nationalism (1814-1848): The Brandenburg Gate became a symbol of Prussian military victories, and it was during this period that the monument gained its association with German nationalism. In the 19th century, it was featured in grand parades and celebrations.Cold War (1961-1989): During the Cold War, the Brandenburg Gate stood on the border between East and West Berlin. It was completely inaccessible to both sides because of the Berlin Wall, which physically and ideologically divided the city.Fall of the Berlin Wall (1989): In one of the most symbolic moments in the 20th century, the Brandenburg Gate became a focal point for the celebrations following the fall of the Berlin Wall, symbolizing the reunification of East and West Germany.","The Quadriga: The central feature of the Brandenburg Gate is the quadriga, a large sculpture of a chariot drawn by four horses. This artwork is one of the most famous symbols of Berlin and has been associated with peace and victory throughout history.The Gate’s Architecture: The Brandenburg Gate’s neoclassical design, with its twelve Doric columns forming five passageways, is a prime example of 18th-century European architecture. Its monumental size and classical design make it a standout landmark in Berlin.The East-West Divide: Today, the Brandenburg Gate remains a powerful symbol of the unity of Germany, standing as a reminder of the Cold War and the divided Berlin. It attracts tourists from all over the world, many of whom come to reflect on the reunification of the country.Nearby Memorials: The Brandenburg Gate is located near several other historical landmarks, including the Memorial to the Murdered Jews of Europe (Holocaust Memorial), and the Reichstag building, home of the German Bundestag.","The Brandenburg Gate is located at Pariser Platz in central Berlin, Germany. It is positioned at the end of Unter den Linden, a grand boulevard that leads to the gate from the east, near the Reichstag. The gate is situated in close proximity to other major Berlin landmarks, such as the Holocaust Memorial, Potsdamer Platz, and the Berlin Wall Memorial. Its location makes it a central point for both locals and tourists and a must-see in the city."
East Side Gallery,"The East Side Gallery is an open-air gallery located along the Berlin Wall in the Friedrichshain district of Berlin, Germany. After the Berlin Wall fell in 1989, artists from around the world were invited to paint the Wall’s remaining sections as a symbol of freedom, unity, and peace. The gallery was officially opened in 1990, covering a 1.3 km stretch of the Wall along the Mühlenstrasse. It remains the longest preserved stretch of the Berlin Wall and is one of the most significant landmarks in Berlin.Before the Wall's fall, this section of the Wall was a part of the ""death strip,"" the heavily guarded area that separated East and West Berlin. Following the Wall's demolition, the East Side Gallery became a symbol of the new era of German reunification.","The East Side Gallery holds tremendous cultural significance as a symbol of the end of the Cold War and the division of Germany. It represents both the destruction of oppressive political regimes and the newfound hope for freedom and peace. The murals on the Wall reflect themes of unity, reconciliation, and the optimism that followed the reunification of East and West Germany.It is also one of the most important outdoor art galleries in the world, blending historical memory with artistic expression. The East Side Gallery draws millions of visitors each year and serves as a cultural landmark that symbolizes the triumph of democracy and the end of ideological division in Europe.","Berlin Wall as a Division: The section of the Berlin Wall that forms the East Side Gallery was part of the border between East and West Berlin during the Cold War. The Wall, erected in 1961, separated families and communities for nearly three decades.The Fall of the Berlin Wall (1989): The fall of the Wall marked the collapse of the East German regime and the reunification of Germany. Following the fall, many sections of the Wall were either demolished or preserved, with parts being sold to collectors or kept as historical artifacts.Creation of the Gallery (1990): In the aftermath of the Wall’s fall, the East Side Gallery was created when 118 artists from 21 countries were invited to paint murals on the remaining stretch of Wall. The artists used the Wall as a canvas to express their messages of freedom, peace, and unity.Iconic Paintings and Restoration Efforts: Over the years, the gallery has been the subject of vandalism and weathering, leading to restoration efforts. Notable works, such as the painting of Leonid Brezhnev and Erich Honecker sharing a kiss (often referred to as the ""Fraternal Kiss""), have been subjects of controversy and discussion.","The Murals: The East Side Gallery is famous for its vibrant, large-scale murals that cover the Wall. The works depict themes of peace, freedom, and reconciliation, with numerous pieces addressing the end of the Cold War and the joy of reunification.""The Kiss"" (Fraternal Kiss): Perhaps the most famous image in the East Side Gallery is the painting of Leonid Brezhnev, the former leader of the Soviet Union, kissing Erich Honecker, the leader of East Germany. This piece, painted by Dmitri Vrubel, is an ironic depiction of the two leaders' embrace, symbolizing the Soviet-East German alliance during the Cold War.""Test the Rest"" (by Birgit Kinder): This mural depicts a car crashing through the Berlin Wall, symbolizing the breaking down of barriers and the reunification of the city.Restoration Efforts: Due to vandalism, weathering, and the passage of time, much of the East Side Gallery has undergone restoration work, especially after 2009, when a major effort was made to preserve the murals and ensure their lasting legacy.The ""East Side Gallery"" Sign: A notable feature of the site is the iconic sign that reads “East Side Gallery,” marking the area as an important historical and cultural monument.","The East Side Gallery is located in the Friedrichshain district of Berlin, along Mühlenstrasse, on the former East Berlin side of the Wall. The gallery stretches for 1.3 kilometers, making it the longest remaining section of the Berlin Wall. It is situated near the Oberbaumbrücke (Oberbaum Bridge), which connects the districts of Friedrichshain and Kreuzberg, and is close to other significant Berlin landmarks, such as the Mercedes-Benz Arena and the East Berlin U-Bahn station “Warschauer Strasse.” The gallery is easily accessible by public transportation, with nearby metro (U-Bahn) and S-Bahn stations providing access to the site."
